PGNIE,ABNE,CPRF,RCFF,ERROPGNIE,ERROABNE,ERROCPRF,ERRORCFF
0.000170901086883,0.001853716419789,0.094792055614323,0.357169092683305,5.67E-05,0.00019401892192,0.000610545737541,0.002465858807127
0.000127395775615,0.004160473754569,0.099884527562205,0.366100660957882,3.42E-05,0.001045894300349,0.000510324775084,0.001618021940255
0.000190607376676,0.009320491403565,0.106654851275908,0.376049477804432,3.74E-05,0.000338052308171,0.001420268881998,0.003433398868215
0.000838525682103,0.015026797959277,0.115896027504647,0.383362529174066,7.11E-05,0.001544332719855,0.001534707685285,0.003124644473776
0.00256296691009,0.022952968691315,0.123490495362336,0.390734017550754,0.000678201946578,0.000495551348775,0.001958529744359,0.000809456559231
0.005216875901789,0.030074417909593,0.130744722089443,0.400877652407096,0.000921696201816,0.002882306564267,0.00060477411392,0.001266271615758
0.008228550854326,0.040248379923505,0.142228901897925,0.402918648906284,0.001187771509197,0.001488046419083,0.003305659251546,0.001503900581155
